ksize,edge_density,num_components,avg_component_length,precision,recall,f1_score
3,0.09782125763434175,392.1,44.66386643729819,0.6291318528032244,0.3205767666580647,0.4028671846656378
5,0.10086592703415134,327.0,54.895573610593864,0.6419442884942776,0.32273887698776765,0.40995322988262106
7,0.10437238100789503,280.0,66.57480701886308,0.6523166652713901,0.32553283581284065,0.4156190407161839
